{
  "runs": 5,
  "mode": "bgp",
  "sequence": 3,
  "ref": "bad_gadget",
  "per_pod_series": {
    "frankfurt": {
      "0": {
        "num_paths": {
          "min": 166,
          "max": 194,
          "avg": 174.6
        },
        "num_destinations": {
          "min": 86,
          "max": 89,
          "avg": 88.2
        },
        "path_len_min": {
          "min": 1,
          "max": 1,
          "avg": 1
        },
        "path_len_avg": {
          "min": 1.6242774566473988,
          "max": 1.6885245901639345,
          "avg": 1.6502765047422965
        },
        "path_len_max": {
          "min": 3,
          "max": 3,
          "avg": 3
        }
      },
      "1": {
        "num_paths": {
          "min": 163,
          "max": 185,
          "avg": 173.4
        },
        "num_destinations": {
          "min": 86,
          "max": 89,
          "avg": 88.2
        },
        "path_len_min": {
          "min": 1,
          "max": 1,
          "avg": 1
        },
        "path_len_avg": {
          "min": 1.6342857142857143,
          "max": 1.6703296703296704,
          "avg": 1.6463012281835812
        },
        "path_len_max": {
          "min": 3,
          "max": 3,
          "avg": 3
        }
      },
      "2": {
        "num_paths": {
          "min": 161,
          "max": 184,
          "avg": 173.8
        },
        "num_destinations": {
          "min": 86,
          "max": 89,
          "avg": 88.2
        },
        "path_len_min": {
          "min": 1,
          "max": 1,
          "avg": 1
        },
        "path_len_avg": {
          "min": 1.6035502958579881,
          "max": 1.6795580110497237,
          "avg": 1.645407378682011
        },
        "path_len_max": {
          "min": 3,
          "max": 3,
          "avg": 3
        }
      },
      "3": {
        "num_paths": {
          "min": 165,
          "max": 185,
          "avg": 172.2
        },
        "num_destinations": {
          "min": 86,
          "max": 89,
          "avg": 88.2
        },
        "path_len_min": {
          "min": 1,
          "max": 1,
          "avg": 1
        },
        "path_len_avg": {
          "min": 1.5818181818181818,
          "max": 1.655367231638418,
          "avg": 1.6370261872986802
        },
        "path_len_max": {
          "min": 3,
          "max": 3,
          "avg": 3
        }
      },
      "4": {
        "num_paths": {
          "min": 159,
          "max": 185,
          "avg": 169.4
        },
        "num_destinations": {
          "min": 86,
          "max": 89,
          "avg": 88.2
        },
        "path_len_min": {
          "min": 1,
          "max": 1,
          "avg": 1
        },
        "path_len_avg": {
          "min": 1.6348314606741574,
          "max": 1.6666666666666667,
          "avg": 1.6479634910143832
        },
        "path_len_max": {
          "min": 3,
          "max": 3,
          "avg": 3
        }
      },
      "5": {
        "num_paths": {
          "min": 0,
          "max": 69,
          "avg": 13.8
        },
        "num_destinations": {
          "min": 0,
          "max": 34,
          "avg": 6.8
        },
        "path_len_min": {
          "min": 0,
          "max": 1,
          "avg": 0.2
        },
        "path_len_avg": {
          "min": 0.0,
          "max": 1.6833333333333333,
          "avg": 0.33666666666666667
        },
        "path_len_max": {
          "min": 0,
          "max": 3,
          "avg": 0.6
        }
      },
      "6": {
        "num_paths": {
          "min": 0,
          "max": 0,
          "avg": 0
        },
        "num_destinations": {
          "min": 0,
          "max": 0,
          "avg": 0
        },
        "path_len_min": {
          "min": 0,
          "max": 0,
          "avg": 0
        },
        "path_len_avg": {
          "min": 0.0,
          "max": 0.0,
          "avg": 0.0
        },
        "path_len_max": {
          "min": 0,
          "max": 0,
          "avg": 0
        }
      },
      "7": {
        "num_paths": {
          "min": 0,
          "max": 0,
          "avg": 0
        },
        "num_destinations": {
          "min": 0,
          "max": 0,
          "avg": 0
        },
        "path_len_min": {
          "min": 0,
          "max": 0,
          "avg": 0
        },
        "path_len_avg": {
          "min": 0.0,
          "max": 0.0,
          "avg": 0.0
        },
        "path_len_max": {
          "min": 0,
          "max": 0,
          "avg": 0
        }
      },
      "8": {
        "num_paths": {
          "min": 0,
          "max": 0,
          "avg": 0
        },
        "num_destinations": {
          "min": 0,
          "max": 0,
          "avg": 0
        },
        "path_len_min": {
          "min": 0,
          "max": 0,
          "avg": 0
        },
        "path_len_avg": {
          "min": 0.0,
          "max": 0.0,
          "avg": 0.0
        },
        "path_len_max": {
          "min": 0,
          "max": 0,
          "avg": 0
        }
      },
      "9": {
        "num_paths": {
          "min": 0,
          "max": 0,
          "avg": 0
        },
        "num_destinations": {
          "min": 0,
          "max": 0,
          "avg": 0
        },
        "path_len_min": {
          "min": 0,
          "max": 0,
          "avg": 0
        },
        "path_len_avg": {
          "min": 0.0,
          "max": 0.0,
          "avg": 0.0
        },
        "path_len_max": {
          "min": 0,
          "max": 0,
          "avg": 0
        }
      },
      "10": {
        "num_paths": {
          "min": 0,
          "max": 0,
          "avg": 0
        },
        "num_destinations": {
          "min": 0,
          "max": 0,
          "avg": 0
        },
        "path_len_min": {
          "min": 0,
          "max": 0,
          "avg": 0
        },
        "path_len_avg": {
          "min": 0.0,
          "max": 0.0,
          "avg": 0.0
        },
        "path_len_max": {
          "min": 0,
          "max": 0,
          "avg": 0
        }
      }
    },
    "fulda": {
      "0": {
        "num_paths": {
          "min": 168,
          "max": 181,
          "avg": 173.2
        },
        "num_destinations": {
          "min": 86,
          "max": 89,
          "avg": 88.2
        },
        "path_len_min": {
          "min": 1,
          "max": 1,
          "avg": 1
        },
        "path_len_avg": {
          "min": 1.630952380952381,
          "max": 1.723756906077348,
          "avg": 1.6826013038026286
        },
        "path_len_max": {
          "min": 3,
          "max": 3,
          "avg": 3
        }
      },
      "1": {
        "num_paths": {
          "min": 170,
          "max": 180,
          "avg": 175.6
        },
        "num_destinations": {
          "min": 86,
          "max": 89,
          "avg": 88.2
        },
        "path_len_min": {
          "min": 1,
          "max": 1,
          "avg": 1
        },
        "path_len_avg": {
          "min": 1.6280487804878048,
          "max": 1.6961325966850829,
          "avg": 1.6597457975841083
        },
        "path_len_max": {
          "min": 3,
          "max": 3,
          "avg": 3
        }
      },
      "2": {
        "num_paths": {
          "min": 169,
          "max": 183,
          "avg": 178
        },
        "num_destinations": {
          "min": 86,
          "max": 89,
          "avg": 88.2
        },
        "path_len_min": {
          "min": 1,
          "max": 1,
          "avg": 1
        },
        "path_len_avg": {
          "min": 1.6264367816091954,
          "max": 1.7248677248677249,
          "avg": 1.6780819436872971
        },
        "path_len_max": {
          "min": 3,
          "max": 3,
          "avg": 3
        }
      },
      "3": {
        "num_paths": {
          "min": 174,
          "max": 176,
          "avg": 175
        },
        "num_destinations": {
          "min": 86,
          "max": 89,
          "avg": 88.2
        },