{
  "runs": 5,
  "mode": "obgp",
  "sequence": 8,
  "per_pod_series": {
    "frankfurt": {
      "0": {
        "num_paths": {
          "min": 114,
          "max": 120,
          "avg": 117.6
        },
        "num_destinations": {
          "min": 60,
          "max": 61,
          "avg": 60.2
        },
        "path_len_min": {
          "min": 1,
          "max": 1,
          "avg": 1
        },
        "path_len_avg": {
          "min": 1.4912280701754386,
          "max": 1.5128205128205128,
          "avg": 1.4999551374794067
        },
        "path_len_max": {
          "min": 2,
          "max": 2,
          "avg": 2
        }
      },
      "1": {
        "num_paths": {
          "min": 114,
          "max": 120,
          "avg": 117.6
        },
        "num_destinations": {
          "min": 60,
          "max": 61,
          "avg": 60.2
        },
        "path_len_min": {
          "min": 1,
          "max": 1,
          "avg": 1
        },
        "path_len_avg": {
          "min": 1.4912280701754386,
          "max": 1.5128205128205128,
          "avg": 1.4999551374794067
        },
        "path_len_max": {
          "min": 2,
          "max": 2,
          "avg": 2
        }
      },
      "2": {
        "num_paths": {
          "min": 114,
          "max": 120,
          "avg": 117.6
        },
        "num_destinations": {
          "min": 60,
          "max": 61,
          "avg": 60.2
        },
        "path_len_min": {
          "min": 1,
          "max": 1,
          "avg": 1
        },
        "path_len_avg": {
          "min": 1.4912280701754386,
          "max": 1.5128205128205128,
          "avg": 1.4999551374794067
        },
        "path_len_max": {
          "min": 2,
          "max": 2,
          "avg": 2
        }
      },
      "3": {
        "num_paths": {
          "min": 114,
          "max": 120,
          "avg": 117.6
        },
        "num_destinations": {
          "min": 60,
          "max": 61,
          "avg": 60.2
        },
        "path_len_min": {
          "min": 1,
          "max": 1,
          "avg": 1
        },
        "path_len_avg": {
          "min": 1.4912280701754386,
          "max": 1.5128205128205128,
          "avg": 1.4999551374794067
        },
        "path_len_max": {
          "min": 2,
          "max": 2,
          "avg": 2
        }
      },
      "4": {
        "num_paths": {
          "min": 28,
          "max": 120,
          "avg": 99.8
        },
        "num_destinations": {
          "min": 14,
          "max": 61,
          "avg": 51
        },
        "path_len_min": {
          "min": 1,
          "max": 1,
          "avg": 1
        },
        "path_len_avg": {
          "min": 1.4912280701754386,
          "max": 1.504201680672269,
          "avg": 1.4973910349153041
        },
        "path_len_max": {
          "min": 2,
          "max": 2,
          "avg": 2
        }
      },
      "5": {
        "num_paths": {
          "min": 0,
          "max": 0,
          "avg": 0
        },
        "num_destinations": {
          "min": 0,
          "max": 0,
          "avg": 0
        },
        "path_len_min": {
          "min": 0,
          "max": 0,
          "avg": 0
        },
        "path_len_avg": {
          "min": 0.0,
          "max": 0.0,
          "avg": 0.0
        },
        "path_len_max": {
          "min": 0,
          "max": 0,
          "avg": 0
        }
      },
      "6": {
        "num_paths": {
          "min": 0,
          "max": 0,
          "avg": 0
        },
        "num_destinations": {
          "min": 0,
          "max": 0,
          "avg": 0
        },
        "path_len_min": {
          "min": 0,
          "max": 0,
          "avg": 0
        },
        "path_len_avg": {
          "min": 0.0,
          "max": 0.0,
          "avg": 0.0
        },
        "path_len_max": {
          "min": 0,
          "max": 0,
          "avg": 0
        }
      },
      "7": {
        "num_paths": {
          "min": 0,
          "max": 0,
          "avg": 0
        },
        "num_destinations": {
          "min": 0,
          "max": 0,
          "avg": 0
        },
        "path_len_min": {
          "min": 0,
          "max": 0,
          "avg": 0
        },
        "path_len_avg": {
          "min": 0.0,
          "max": 0.0,
          "avg": 0.0
        },
        "path_len_max": {
          "min": 0,
          "max": 0,
          "avg": 0
        }
      },
      "8": {
        "num_paths": {
          "min": 0,
          "max": 0,
          "avg": 0
        },
        "num_destinations": {
          "min": 0,
          "max": 0,
          "avg": 0
        },
        "path_len_min": {
          "min": 0,
          "max": 0,
          "avg": 0
        },
        "path_len_avg": {
          "min": 0.0,
          "max": 0.0,
          "avg": 0.0
        },
        "path_len_max": {
          "min": 0,
          "max": 0,
          "avg": 0
        }
      },
      "9": {
        "num_paths": {
          "min": 0,
          "max": 0,
          "avg": 0
        },
        "num_destinations": {
          "min": 0,
          "max": 0,
          "avg": 0
        },
        "path_len_min": {
          "min": 0,
          "max": 0,
          "avg": 0
        },
        "path_len_avg": {
          "min": 0.0,
          "max": 0.0,
          "avg": 0.0
        },
        "path_len_max": {
          "min": 0,
          "max": 0,
          "avg": 0
        }
      },
      "10": {
        "num_paths": {
          "min": 0,
          "max": 0,
          "avg": 0
        },
        "num_destinations": {
          "min": 0,
          "max": 0,
          "avg": 0
        },
        "path_len_min": {
          "min": 0,
          "max": 0,
          "avg": 0
        },
        "path_len_avg": {
          "min": 0.0,
          "max": 0.0,
          "avg": 0.0
        },
        "path_len_max": {
          "min": 0,
          "max": 0,
          "avg": 0
        }
      }
    },
    "fulda": {
      "0": {
        "num_paths": {
          "min": 114,
          "max": 120,
          "avg": 117.6
        },
        "num_destinations": {
          "min": 60,
          "max": 61,
          "avg": 60.2
        },
        "path_len_min": {
          "min": 1,
          "max": 1,
          "avg": 1
        },
        "path_len_avg": {
          "min": 1.4871794871794872,
          "max": 1.5087719298245614,
          "avg": 1.5000448625205933
        },
        "path_len_max": {
          "min": 2,
          "max": 2,
          "avg": 2
        }
      },
      "1": {
        "num_paths": {
          "min": 114,
          "max": 120,
          "avg": 117.6
        },
        "num_destinations": {
          "min": 60,
          "max": 61,
          "avg": 60.2
        },
        "path_len_min": {
          "min": 1,
          "max": 1,
          "avg": 1
        },
        "path_len_avg": {
          "min": 1.4871794871794872,
          "max": 1.5087719298245614,
          "avg": 1.5000448625205933
        },
        "path_len_max": {
          "min": 2,
          "max": 2,
          "avg": 2
        }
      },
      "2": {
        "num_paths": {
          "min": 114,
          "max": 120,
          "avg": 117.6
        },
        "num_destinations": {
          "min": 60,
          "max": 61,
          "avg": 60.2
        },
        "path_len_min": {
          "min": 1,
          "max": 1,
          "avg": 1
        },
        "path_len_avg": {
          "min": 1.4871794871794872,
          "max": 1.5087719298245614,
          "avg": 1.5000448625205933
        },
        "path_len_max": {
          "min": 2,
          "max": 2,
          "avg": 2
        }
      },
      "3": {
        "num_paths": {
          "min": 114,
          "max": 120,
          "avg": 117.6
        },
        "num_destinations": {
          "min": 60,
          "max": 61,
          "avg": 60.2
        },
        "path_len_min": {
          "min": 1,
          "max": 1,
          "avg": 1
        },