{
  "runs": 5,
  "mode": "bgp",
  "sequence": 3,
  "ref": "bad_gadget",
  "per_pod_series": {
    "frankfurt": {
      "0": {
        "num_paths": {
          "min": 252,
          "max": 258,
          "avg": 256.2
        },
        "num_destinations": {
          "min": 84,
          "max": 86,
          "avg": 85.4
        },
        "path_len_min": {
          "min": 1,
          "max": 1,
          "avg": 1
        },
        "path_len_avg": {
          "min": 1.6745098039215687,
          "max": 1.7015503875968991,
          "avg": 1.6916018500423424
        },
        "path_len_max": {
          "min": 3,
          "max": 3,
          "avg": 3
        }
      },
      "1": {
        "num_paths": {
          "min": 252,
          "max": 258,
          "avg": 256.2
        },
        "num_destinations": {
          "min": 84,
          "max": 86,
          "avg": 85.4
        },
        "path_len_min": {
          "min": 1,
          "max": 1,
          "avg": 1
        },
        "path_len_avg": {
          "min": 1.6745098039215687,
          "max": 1.7015503875968991,
          "avg": 1.6916018500423424
        },
        "path_len_max": {
          "min": 3,
          "max": 3,
          "avg": 3
        }
      },
      "2": {
        "num_paths": {
          "min": 252,
          "max": 258,
          "avg": 256.2
        },
        "num_destinations": {
          "min": 84,
          "max": 86,
          "avg": 85.4
        },
        "path_len_min": {
          "min": 1,
          "max": 1,
          "avg": 1
        },
        "path_len_avg": {
          "min": 1.6745098039215687,
          "max": 1.7015503875968991,
          "avg": 1.6916018500423424
        },
        "path_len_max": {
          "min": 3,
          "max": 3,
          "avg": 3
        }
      },
      "3": {
        "num_paths": {
          "min": 252,
          "max": 258,
          "avg": 256.2
        },
        "num_destinations": {
          "min": 84,
          "max": 86,
          "avg": 85.4
        },
        "path_len_min": {
          "min": 1,
          "max": 1,
          "avg": 1
        },
        "path_len_avg": {
          "min": 1.6745098039215687,
          "max": 1.7015503875968991,
          "avg": 1.6916018500423424
        },
        "path_len_max": {
          "min": 3,
          "max": 3,
          "avg": 3
        }
      },
      "4": {
        "num_paths": {
          "min": 252,
          "max": 258,
          "avg": 256.2
        },
        "num_destinations": {
          "min": 84,
          "max": 86,
          "avg": 85.4
        },
        "path_len_min": {
          "min": 1,
          "max": 1,
          "avg": 1
        },
        "path_len_avg": {
          "min": 1.6745098039215687,
          "max": 1.7015503875968991,
          "avg": 1.6916018500423424
        },
        "path_len_max": {
          "min": 3,
          "max": 3,
          "avg": 3
        }
      },
      "5": {
        "num_paths": {
          "min": 0,
          "max": 0,
          "avg": 0
        },
        "num_destinations": {
          "min": 0,
          "max": 0,
          "avg": 0
        },
        "path_len_min": {
          "min": 0,
          "max": 0,
          "avg": 0
        },
        "path_len_avg": {
          "min": 0.0,
          "max": 0.0,
          "avg": 0.0
        },
        "path_len_max": {
          "min": 0,
          "max": 0,
          "avg": 0
        }
      },
      "6": {
        "num_paths": {
          "min": 0,
          "max": 0,
          "avg": 0
        },
        "num_destinations": {
          "min": 0,
          "max": 0,
          "avg": 0
        },
        "path_len_min": {
          "min": 0,
          "max": 0,
          "avg": 0
        },
        "path_len_avg": {
          "min": 0.0,
          "max": 0.0,
          "avg": 0.0
        },
        "path_len_max": {
          "min": 0,
          "max": 0,
          "avg": 0
        }
      },
      "7": {
        "num_paths": {
          "min": 0,
          "max": 0,
          "avg": 0
        },
        "num_destinations": {
          "min": 0,
          "max": 0,
          "avg": 0
        },
        "path_len_min": {
          "min": 0,
          "max": 0,
          "avg": 0
        },
        "path_len_avg": {
          "min": 0.0,
          "max": 0.0,
          "avg": 0.0
        },
        "path_len_max": {
          "min": 0,
          "max": 0,
          "avg": 0
        }
      },
      "8": {
        "num_paths": {
          "min": 0,
          "max": 0,
          "avg": 0
        },
        "num_destinations": {
          "min": 0,
          "max": 0,
          "avg": 0
        },
        "path_len_min": {
          "min": 0,
          "max": 0,
          "avg": 0
        },
        "path_len_avg": {
          "min": 0.0,
          "max": 0.0,
          "avg": 0.0
        },
        "path_len_max": {
          "min": 0,
          "max": 0,
          "avg": 0
        }
      },
      "9": {
        "num_paths": {
          "min": 0,
          "max": 0,
          "avg": 0
        },
        "num_destinations": {
          "min": 0,
          "max": 0,
          "avg": 0
        },
        "path_len_min": {
          "min": 0,
          "max": 0,
          "avg": 0
        },
        "path_len_avg": {
          "min": 0.0,
          "max": 0.0,
          "avg": 0.0
        },
        "path_len_max": {
          "min": 0,
          "max": 0,
          "avg": 0
        }
      },
      "10": {
        "num_paths": {
          "min": 0,
          "max": 0,
          "avg": 0
        },
        "num_destinations": {
          "min": 0,
          "max": 0,
          "avg": 0
        },
        "path_len_min": {
          "min": 0,
          "max": 0,
          "avg": 0
        },
        "path_len_avg": {
          "min": 0.0,
          "max": 0.0,
          "avg": 0.0
        },
        "path_len_max": {
          "min": 0,
          "max": 0,
          "avg": 0
        }
      }
    },
    "fulda": {
      "0": {
        "num_paths": {
          "min": 252,
          "max": 258,
          "avg": 256.2
        },
        "num_destinations": {
          "min": 84,
          "max": 86,
          "avg": 85.4
        },
        "path_len_min": {
          "min": 1,
          "max": 1,
          "avg": 1
        },
        "path_len_avg": {
          "min": 1.678294573643411,
          "max": 1.6904761904761905,
          "avg": 1.686987166959807
        },
        "path_len_max": {
          "min": 3,
          "max": 3,
          "avg": 3
        }
      },
      "1": {
        "num_paths": {
          "min": 252,
          "max": 258,
          "avg": 256.2
        },
        "num_destinations": {
          "min": 84,
          "max": 86,
          "avg": 85.4
        },
        "path_len_min": {
          "min": 1,
          "max": 1,
          "avg": 1
        },
        "path_len_avg": {
          "min": 1.678294573643411,
          "max": 1.6904761904761905,
          "avg": 1.686987166959807
        },
        "path_len_max": {
          "min": 3,
          "max": 3,
          "avg": 3
        }
      },
      "2": {
        "num_paths": {
          "min": 252,
          "max": 258,
          "avg": 256.2
        },
        "num_destinations": {
          "min": 84,
          "max": 86,
          "avg": 85.4
        },
        "path_len_min": {
          "min": 1,
          "max": 1,
          "avg": 1
        },
        "path_len_avg": {
          "min": 1.678294573643411,
          "max": 1.6904761904761905,
          "avg": 1.686987166959807
        },
        "path_len_max": {
          "min": 3,
          "max": 3,
          "avg": 3
        }
      },
      "3": {
        "num_paths": {
          "min": 252,
          "max": 258,
          "avg": 256.2
        },
        "num_destinations": {
          "min": 84,
          "max": 86,
          "avg": 85.4
        },
        "path_len_min": {
          "min": 1,
          "max": 1,